imgs/1.png,0.0,0.0,1,0
imgs/2.png,0.7864923477172852,-2.5136159820249304e-06,1,-0.3141592653589793
imgs/3.png,0.9436958432197571,-0.3050273060798645,1,0.3141592653589793
imgs/4.png,0.9830749034881592,-0.062231920659542084,1,0
imgs/5.png,0.9912322163581848,-0.020868105813860893,1,0
imgs/6.png,0.9924911260604858,-0.01417463831603527,1,0.3141592653589793
imgs/7.png,0.9571964740753174,0.232465460896492,1,0
imgs/8.png,0.9529151320457458,0.2714090645313263,1,0.3141592653589793
imgs/9.png,0.8455033898353577,0.5040208697319031,1,0
imgs/10.png,0.8282535076141357,0.5447158217430115,1,0.3141592653589793
imgs/11.png,0.6570773124694824,0.7331291437149048,1,0.3141592653589793
imgs/12.png,0.3964904844760895,0.901089608669281,1,0
imgs/13.png,0.3607030212879181,0.9226716756820679,1,0
imgs/14.png,0.3499395549297333,0.9290433526039124,1,0
imgs/15.png,0.3491850793361664,0.9294846653938293,1,0.3141592653589793
imgs/16.png,0.10684510320425034,0.9793214797973633,1,0
imgs/17.png,0.06557227671146393,0.9892984628677368,1,0
imgs/18.png,0.05827352777123451,0.990992546081543,1,-0.3141592653589793
imgs/19.png,0.2983846664428711,0.938880205154419,1,0
imgs/20.png,0.33650174736976624,0.931968092918396,1,0.3141592653589793
imgs/21.png,0.10357289761304855,0.9798001646995544,1,0
imgs/22.png,0.06150967627763748,0.9900253415107727,1,0
imgs/23.png,0.05691378563642502,0.9911515116691589,1,0
imgs/24.png,0.05609426274895668,0.9913515448570251,1,0
imgs/25.png,0.055995333939790726,0.991370439529419,1,0.3141592653589793
imgs/26.png,-0.16319257020950317,0.9693703055381775,1,-0.3141592653589793
imgs/27.png,0.038847941905260086,0.9869964122772217,1,0
imgs/28.png,0.07502692937850952,0.9894272685050964,1,0
imgs/29.png,0.07947604358196259,0.9896887540817261,1,0
imgs/30.png,0.08003294467926025,0.9897142648696899,1,0
imgs/31.png,0.08007832616567612,0.9897148609161377,1,0
imgs/32.png,0.08008382469415665,0.9897148609161377,1,-0.3141592653589793
imgs/33.png,0.337293803691864,0.9275022149085999,1,-0.3141592653589793
imgs/34.png,0.5868755578994751,0.7872108221054077,1,-0.3141592653589793
imgs/35.png,0.7929157614707947,0.5775308609008789,1,-0.3141592653589793
imgs/36.png,0.9142239689826965,0.34436771273612976,1,-0.3141592653589793
imgs/37.png,0.9781699776649475,0.03642362728714943,1,-0.3141592653589793
imgs/38.png,0.9430327415466309,-0.2793562412261963,1,0
imgs/39.png,0.9363805055618286,-0.324971079826355,1,0
imgs/40.png,0.9351106882095337,-0.3330537974834442,1,0.3141592653589793
imgs/41.png,0.9810172319412231,-0.09097886830568314,1,0
imgs/42.png,0.9907495975494385,-0.04833212494850159,1,0
imgs/43.png,0.9918200373649597,-0.0436820462346077,1,0
imgs/44.png,0.9920004606246948,-0.042893558740615845,1,0
imgs/45.png,0.9920302629470825,-0.04277050867676735,1,-0.3141592653589793
imgs/46.png,0.9430209994316101,-0.28502029180526733,1,-0.3141592653589793
imgs/47.png,0.8172275424003601,-0.5442169904708862,1,-0.3141592653589793
imgs/48.png,0.6045259833335876,-0.7763634920120239,1,-0.3141592653589793
imgs/49.png,0.3306405246257782,-0.9270018339157104,1,-0.3141592653589793
imgs/50.png,0.023043988272547722,-0.984003484249115,1,0.3141592653589793
imgs/51.png,0.24997666478157043,-0.9569909572601318,1,0
imgs/52.png,0.2729095220565796,-0.9536704421043396,1,-0.3141592653589793
imgs/53.png,0.015360625460743904,-0.8776217103004456,1,0
imgs/54.png,-0.02545238845050335,-0.9825887680053711,1,-0.3141592653589793
imgs/55.png,-0.31249669194221497,-0.9385611414909363,1,0.3141592653589793
imgs/56.png,-0.06945955008268356,-0.9848364591598511,1,0
imgs/57.png,-0.02704625204205513,-0.9920706748962402,1,0
imgs/58.png,-0.023742688819766045,-0.9926119446754456,1,0
imgs/59.png,-0.023352134972810745,-0.9926770329475403,1,0
imgs/60.png,-0.023305393755435944,-0.9926770329475403,1,0
imgs/61.png,-0.02329980954527855,-0.9926770329475403,1,0
imgs/62.png,-0.023299217224121094,-0.9926770329475403,1,-0.3141592653589793
imgs/63.png,-0.2853430509567261,-0.9449787139892578,1,0
imgs/64.png,-0.326823353767395,-0.9367833137512207,1,0
imgs/65.png,-0.3319103419780731,-0.93574059009552,1,0
imgs/66.png,-0.33248287439346313,-0.9356212615966797,1,-0.3141592653589793
imgs/67.png,-0.549017071723938,-0.8178878426551819,1,0
imgs/68.png,-0.5824009776115417,-0.8016497492790222,1,-0.3141592653589793
imgs/69.png,-0.7634219527244568,-0.6215025782585144,1,-0.3141592653589793
imgs/70.png,-0.9179024696350098,-0.35590294003486633,1,-0.3141592653589793
imgs/71.png,-0.9829695820808411,-0.051366519182920456,1,0
imgs/72.png,-0.9921173453330994,-0.002219738205894828,1,0
imgs/73.png,-0.9928136467933655,0.001669092453084886,1,0
imgs/74.png,-0.9929301142692566,0.0023371472489088774,1,0
imgs/75.png,-0.9929457306861877,0.0024422372225672007,1,0
imgs/76.png,-0.9929457306861877,0.002468504710122943,1,0
imgs/77.png,-0.9929457306861877,0.002475318731740117,1,-0.3141592653589793
imgs/78.png,-0.9537688493728638,0.24674610793590546,1,0
imgs/79.png,-0.9485709071159363,0.2885185480117798,1,-0.3141592653589793
imgs/80.png,-0.8374966382980347,0.5176752805709839,1,-0.3141592653589793
imgs/81.png,-0.6692517995834351,0.7135841250419617,1,-0.3141592653589793
imgs/82.png,-0.4107961058616638,0.8888363838195801,1,-0.3141592653589793
imgs/83.png,-0.10441090911626816,0.978269100189209,1,0
imgs/84.png,-0.06453607976436615,0.9884577989578247,1,-0.3141592653589793
imgs/85.png,0.18812938034534454,0.9656713604927063,1,0
imgs/86.png,0.23250561952590942,0.9635789394378662,1,0.3141592653589793
imgs/87.png,-0.02446763962507248,0.9868918061256409,1,0
imgs/88.png,-0.06058207154273987,0.9895168542861938,1,-0.3141592653589793
imgs/89.png,0.17600341141223907,0.9695477485656738,1,0
imgs/90.png,0.21667122840881348,0.967564046382904,1,0.3141592653589793
imgs/91.png,-0.04106932133436203,0.9863405227661133,1,0
imgs/92.png,-0.08107816427946091,0.9885179400444031,1,0
imgs/93.png,-0.08862653374671936,0.9888591766357422,1,0
imgs/94.png,-0.08940629661083221,0.9888933300971985,1,0.3141592653589793
imgs/95.png,-0.3293047249317169,0.9284678101539612,1,0
imgs/96.png,-0.3732285797595978,0.9190177321434021,1,0
imgs/97.png,-0.37801188230514526,0.917997419834137,1,0
imgs/98.png,-0.3789252042770386,0.9178006649017334,1,0
imgs/99.png,-0.3789733648300171,0.9177960157394409,1,-0.3141592653589793
imgs/100.png,-0.13839152455329895,0.9754030704498291,1,0
imgs/101.png,-0.09730391204357147,0.9866933226585388,1,0
imgs/102.png,-0.08961164206266403,0.9887275695800781,1,0
imgs/103.png,-0.08872126787900925,0.9889562129974365,1,0.3141592653589793
imgs/104.png,-0.3464842140674591,0.9242662787437439,1,0.3141592653589793
imgs/105.png,-0.5689744353294373,0.7964686155319214,1,0.3141592653589793
imgs/106.png,-0.7684825658798218,0.6001219749450684,1,0.3141592653589793
imgs/107.png,-0.9341813325881958,0.30303558707237244,1,0.3141592653589793
imgs/108.png,-0.9761335849761963,0.04382896423339844,1,-0.3141592653589793
imgs/109.png,-0.9603325128555298,0.22080698609352112,1,0
imgs/110.png,-0.9590266346931458,0.2520520091056824,1,0
imgs/111.png,-0.9587392807006836,0.25720474123954773,1,0.3141592653589793
imgs/112.png,-0.982232391834259,0.039424147456884384,1,0.3141592653589793
imgs/113.png,-0.9410589933395386,-0.28439149260520935,1,0.3141592653589793
imgs/114.png,-0.784347414970398,-0.6061655879020691,1,-0.3141592653589793
imgs/115.png,-0.9017350673675537,-0.397015780210495,1,-0.3141592653589793
imgs/116.png,-0.967147171497345,-0.14896424114704132,1,0
imgs/117.png,-0.9901762008666992,-0.07197794318199158,1,0.3141592653589793
imgs/118.png,-0.9404310584068298,-0.2862572968006134,1,0.3141592653589793
imgs/119.png,-0.8203979730606079,-0.5303558111190796,1,0.3141592653589793
imgs/120.png,-0.6324411630630493,-0.7413783073425293,1,0.3141592653589793
imgs/121.png,-0.39096903800964355,-0.8917195200920105,1,0.3141592653589793
imgs/122.png,0.047289665788412094,-0.765691876411438,1,0.3141592653589793
imgs/123.png,0.21471445262432098,-0.9089383482933044,1,0
imgs/124.png,0.25492972135543823,-0.9448188543319702,1,-0.3141592653589793
imgs/125.png,0.0009369610343128443,-0.9857239723205566,1,0
imgs/126.png,-0.038688693195581436,-0.9908350706100464,1,0
imgs/127.png,-0.04576167091727257,-0.9916688203811646,1,0
imgs/128.png,-0.04686734825372696,-0.991794228553772,1,0.3141592653589793
imgs/129.png,0.21730804443359375,-0.9628763794898987,1,0
imgs/130.png,0.2635369598865509,-0.9569320678710938,1,0
imgs/131.png,0.2657824754714966,-0.9566258788108826,1,-0.3141592653589793
imgs/132.png,0.04779151454567909,-0.9818469285964966,1,0
imgs/133.png,-0.010906164534389973,-0.990875780582428,1,0
imgs/134.png,-0.019214801490306854,-0.9922783970832825,1,0
imgs/135.png,-0.02140902914106846,-0.9926438331604004,1,0
imgs/136.png,-0.021780749782919884,-0.9927051067352295,1,0
imgs/137.png,-0.021839404478669167,-0.992708683013916,1,0
imgs/138.png,-0.021854933351278305,-0.992708683013916,1,0
imgs/139.png,-0.02185765467584133,-0.992708683013916,1,0
imgs/140.png,-0.021857598796486855,-0.992708683013916,1,0
imgs/141.png,-0.021857598796486855,-0.992708683013916,1,0
imgs/142.png,-0.021857598796486855,-0.992708683013916,1,0.3141592653589793
imgs/143.png,0.22309942543506622,-0.9595565795898438,1,0.3141592653589793
imgs/144.png,0.48736143112182617,-0.8524985313415527,1,0.3141592653589793
imgs/145.png,0.7152522206306458,-0.6715285181999207,1,0.3141592653589793
imgs/146.png,0.8638339042663574,-0.45687827467918396,1,0.3141592653589793
imgs/147.png,0.9660190343856812,-0.15744853019714355,1,0.3141592653589793
imgs/148.png,0.9708592295646667,0.1360657960176468,1,0.3141592653589793
imgs/149.png,0.8881744146347046,0.4159080684185028,1,0
imgs/150.png,0.8772721886634827,0.45819148421287537,1,-0.3141592653589793
imgs/151.png,0.9477736353874207,0.2601972222328186,1,0
imgs/152.png,0.9697244167327881,0.20374159514904022,1,0
imgs/153.png,0.9729112982749939,0.19589462876319885,1,-0.3141592653589793
imgs/154.png,0.983513593673706,-0.05325107276439667,1,0
imgs/155.png,0.9870346188545227,-0.09808232635259628,1,0
imgs/156.png,0.9874259233474731,-0.10293862968683243,1,0
imgs/157.png,0.9874910116195679,-0.10375731438398361,1,0
imgs/158.png,0.9874960780143738,-0.1039053276181221,1,0
imgs/159.png,0.9874960780143738,-0.10392259806394577,1,0
imgs/160.png,0.9874960780143738,-0.10392537713050842,1,0
imgs/161.png,0.9874960780143738,-0.10392537713050842,1,0
imgs/162.png,0.9874960780143738,-0.10392537713050842,1,0
imgs/163.png,0.9874960780143738,-0.10392537713050842,1,0
imgs/164.png,0.9874960780143738,-0.10392537713050842,1,0
imgs/165.png,0.9874960780143738,-0.10392537713050842,1,0
imgs/166.png,0.9874960780143738,-0.10392537713050842,1,0
imgs/167.png,0.9874960780143738,-0.10392537713050842,1,0
imgs/168.png,0.9874960780143738,-0.10392537713050842,1,0
imgs/169.png,0.9874960780143738,-0.10392537713050842,1,0.3141592653589793
imgs/170.png,0.9747052788734436,0.14333724975585938,1,0
imgs/171.png,0.9740867614746094,0.18490782380104065,1,0
imgs/172.png,0.9739052057266235,0.1922810673713684,1,0
imgs/173.png,0.9738655686378479,0.1935674250125885,1,0
imgs/174.png,0.9738655686378479,0.19375918805599213,1,0
imgs/175.png,0.9738655686378479,0.19381099939346313,1,0
imgs/176.png,0.9738655686378479,0.1938203126192093,1,0
imgs/177.png,0.9738655686378479,0.1938203126192093,1,0.3141592653589793
imgs/178.png,0.8981199860572815,0.39943820238113403,1,0.3141592653589793
imgs/179.png,0.7476121783256531,0.6273933053016663,1,0.3141592653589793
imgs/180.png,0.5292391777038574,0.8171976208686829,1,0.3141592653589793
imgs/181.png,0.26803818345069885,0.9355858564376831,1,0.3141592653589793
imgs/182.png,-0.016202835366129875,0.9730811715126038,1,0.3141592653589793
imgs/183.png,-0.29818153381347656,0.9264178276062012,1,0
imgs/184.png,-0.36775752902030945,0.9164441227912903,1,-0.3141592653589793
imgs/185.png,-0.16998282074928284,0.9679954051971436,1,0
imgs/186.png,-0.12137471139431,0.9826534986495972,1,0
imgs/187.png,-0.1093670055270195,0.9864248633384705,1,0
imgs/188.png,-0.10721466690301895,0.9870941042900085,1,0
imgs/189.png,-0.10695750266313553,0.9871745109558105,1,0
imgs/190.png,-0.10693075507879257,0.987175703048706,1,0.3141592653589793
imgs/191.png,-0.345130056142807,0.9226767420768738,1,-0.3141592653589793
imgs/192.png,-0.14673598110675812,0.9746516942977905,1,0
imgs/193.png,-0.11636462807655334,0.984199047088623,1,0
imgs/194.png,-0.10991737991571426,0.9863914847373962,1,0
imgs/195.png,-0.10824280977249146,0.9869617223739624,1,0
imgs/196.png,-0.10797689855098724,0.9870508909225464,1,0
imgs/197.png,-0.10791158676147461,0.987070620059967,1,-0.3141592653589793
imgs/198.png,0.13901568949222565,0.9752925634384155,1,0
imgs/199.png,0.17751045525074005,0.9748303890228271,1,0
imgs/200.png,0.1860264241695404,0.9748554825782776,1,0.3141592653589793
imgs/201.png,-0.058589037507772446,0.9834138751029968,1,0
imgs/202.png,-0.09683964401483536,0.9861255288124084,1,0
imgs/203.png,-0.10521207004785538,0.9868544936180115,1,0
imgs/204.png,-0.10742544382810593,0.987045407295227,1,0
imgs/205.png,-0.10775575041770935,0.9870725870132446,1,0.3141592653589793
imgs/206.png,-0.32041215896606445,0.9293171167373657,1,0.3141592653589793
imgs/207.png,-0.5606968402862549,0.7997957468032837,1,0.3141592653589793
imgs/208.png,-0.7649426460266113,0.6033564209938049,1,0.3141592653589793
imgs/209.png,-0.9066458940505981,0.3545241057872772,1,0.3141592653589793
imgs/210.png,-0.9703254699707031,0.07590082287788391,1,0
imgs/211.png,-0.9874496459960938,0.007971877232193947,1,-0.3141592653589793
imgs/212.png,-0.9600034356117249,0.21049201488494873,1,-0.3141592653589793
imgs/213.png,-0.7022609114646912,0.5304642915725708,1,0
imgs/214.png,-0.798861563205719,0.5427716374397278,1,0.3141592653589793
imgs/215.png,-0.8900311589241028,0.034471385180950165,1,0.3141592653589793
imgs/216.png,-0.9740725755691528,-0.013129782862961292,1,0
imgs/217.png,-0.9882802367210388,-0.019324708729982376,1,0.3141592653589793
imgs/218.png,-0.9529637098312378,-0.23675718903541565,1,0
imgs/219.png,-0.9454514980316162,-0.2963019609451294,1,-0.3141592653589793
imgs/220.png,-0.9832021594047546,-0.06203973665833473,1,0
imgs/221.png,-0.9905364513397217,-0.025706784799695015,1,0
imgs/222.png,-0.9922942519187927,-0.01773991622030735,1,0
imgs/223.png,-0.9927080273628235,-0.015862220898270607,1,0
imgs/224.png,-0.9928168058395386,-0.015359791927039623,1,0
imgs/225.png,-0.9928310513496399,-0.01528095081448555,1,0
imgs/226.png,-0.9928310513496399,-0.015261724591255188,1,0.3141592653589793
imgs/227.png,-0.9505141377449036,-0.25900211930274963,1,0.3141592653589793
imgs/228.png,-0.8322567343711853,-0.520807683467865,1,0
imgs/229.png,-0.8129850625991821,-0.5664361119270325,1,0
imgs/230.png,-0.8091453313827515,-0.5752388834953308,1,0
imgs/231.png,-0.8088661432266235,-0.5758607387542725,1,-0.3141592653589793
imgs/232.png,-0.9073255658149719,-0.37835562229156494,1,-0.3141592653589793
imgs/233.png,-0.976959228515625,-0.08292882889509201,1,0
imgs/234.png,-0.9917994737625122,-0.02735956944525242,1,-0.3141592653589793
imgs/235.png,-0.9559240341186523,0.25109249353408813,1,0
imgs/236.png,-0.9512805938720703,0.28162336349487305,1,0
imgs/237.png,-0.9503641724586487,0.28752726316452026,1,0
imgs/238.png,-0.9503201842308044,0.2878054082393646,1,0.3141592653589793
imgs/239.png,-0.9842410087585449,0.042825181037187576,1,0.3141592653589793
imgs/240.png,-0.9453222155570984,-0.2891753017902374,1,0.3141592653589793
imgs/241.png,-0.8419954776763916,-0.5029398798942566,1,0.3141592653589793
imgs/242.png,-0.6648067235946655,-0.7145684361457825,1,0.3141592653589793
imgs/243.png,-0.4306379556655884,-0.8737885355949402,1,0.3141592653589793
imgs/244.png,-0.1587846279144287,-0.9605356454849243,1,0.3141592653589793
imgs/245.png,0.1262613981962204,-0.9651608467102051,1,0.3141592653589793
imgs/246.png,0.43217337131500244,-0.8773573040962219,1,0.3141592653589793
imgs/247.png,0.6513612866401672,-0.7269017100334167,1,0
imgs/248.png,0.7141536474227905,-0.6865174770355225,1,-0.3141592653589793
imgs/249.png,0.546044111251831,-0.8173292875289917,1,-0.3141592653589793
imgs/250.png,0.29991400241851807,-0.9297875761985779,1,-0.3141592653589793
imgs/251.png,-0.04955888167023659,-0.98408043384552,1,0.3141592653589793
imgs/252.png,0.13938504457473755,-0.9733589291572571,1,-0.3141592653589793
imgs/253.png,-0.03436603024601936,-0.9826857447624207,1,-0.3141592653589793
imgs/254.png,-0.29175055027008057,-0.933199405670166,1,-0.3141592653589793
imgs/255.png,-0.544013261795044,-0.8089796304702759,1,-0.3141592653589793
imgs/256.png,-0.7529383301734924,-0.6175282597541809,1,0
imgs/257.png,-0.8052501678466797,-0.5718571543693542,1,0
imgs/258.png,-0.8173770308494568,-0.5614772439002991,1,0.3141592653589793
imgs/259.png,-0.6692577004432678,-0.7199970483779907,1,0.3141592653589793
imgs/260.png,-0.4442351758480072,-0.870048463344574,1,0.3141592653589793
imgs/261.png,0.058947138488292694,-0.6408859491348267,1,0.3141592653589793
imgs/262.png,0.18574076890945435,-0.913605809211731,1,0
imgs/263.png,0.20677874982357025,-0.9609723091125488,1,0
imgs/264.png,0.2104765623807907,-0.9686733484268188,1,0
imgs/265.png,0.21112103760242462,-0.9699665904045105,1,0
imgs/266.png,0.21123112738132477,-0.9701817035675049,1,0
imgs/267.png,0.21124808490276337,-0.9702164530754089,1,0.3141592653589793
imgs/268.png,0.4138323664665222,-0.8914504647254944,1,0
imgs/269.png,0.4693317115306854,-0.8716632127761841,1,0
imgs/270.png,0.48224499821662903,-0.8671475648880005,1,0
imgs/271.png,0.4856782555580139,-0.8659293055534363,1,0
imgs/272.png,0.48626330494880676,-0.8657193779945374,1,0
imgs/273.png,0.48635464906692505,-0.8656866550445557,1,0.3141592653589793
imgs/274.png,0.659259021282196,-0.7291689515113831,1,0.3141592653589793
imgs/275.png,0.8488720655441284,-0.4906802773475647,1,0.3141592653589793
imgs/276.png,0.9641109704971313,-0.19569386541843414,1,0.3141592653589793
imgs/277.png,0.9765381217002869,0.09502875059843063,1,0
imgs/278.png,0.9797706007957458,0.1407753974199295,1,-0.3141592653589793
imgs/279.png,0.9805551171302795,-0.09506065398454666,1,0
imgs/280.png,0.9822357892990112,-0.13516207039356232,1,0
imgs/281.png,0.9824755191802979,-0.14268682897090912,1,0
imgs/282.png,0.9824917912483215,-0.14347776770591736,1,0.3141592653589793
imgs/283.png,0.9800277948379517,0.07659608870744705,1,-0.3141592653589793
imgs/284.png,0.9796664118766785,-0.11114784330129623,1,0.3141592653589793
imgs/285.png,0.9799215793609619,0.07893124222755432,1,0.3141592653589793
imgs/286.png,0.9166422486305237,0.3390141427516937,1,0.3141592653589793
imgs/287.png,0.763049304485321,0.6131551861763,1,0.3141592653589793
imgs/288.png,0.5687880516052246,0.793530285358429,1,0.3141592653589793
imgs/289.png,0.31739944219589233,0.92128986120224,1,0.3141592653589793
imgs/290.png,0.005166409071534872,0.978125274181366,1,0.3141592653589793
imgs/291.png,-0.28836360573768616,0.9366838932037354,1,0
imgs/292.png,-0.34699225425720215,0.9299203157424927,1,-0.3141592653589793
imgs/293.png,-0.10625194013118744,0.979407787322998,1,0
imgs/294.png,-0.06322003901004791,0.989902913570404,1,0
imgs/295.png,-0.058255381882190704,0.9911237359046936,1,-0.3141592653589793
imgs/296.png,0.22178015112876892,0.9636185169219971,1,0
imgs/297.png,0.2471013069152832,0.9605912566184998,1,0.3141592653589793
imgs/298.png,0.03477384150028229,0.9825682640075684,1,0
imgs/299.png,-0.03260674327611923,0.991416335105896,1,0
imgs/300.png,-0.03768680989742279,0.992070734500885,1,0
imgs/301.png,-0.038559213280677795,0.9921790361404419,1,0
imgs/302.png,-0.038707491010427475,0.9921938180923462,1,0
imgs/303.png,-0.0387306846678257,0.9921938180923462,1,0
imgs/304.png,-0.03873712942004204,0.9921938180923462,1,0
imgs/305.png,-0.03873743861913681,0.9921938180923462,1,0
imgs/306.png,-0.03873743861913681,0.9921938180923462,1,0
imgs/307.png,-0.03873743861913681,0.9921938180923462,1,-0.3141592653589793
imgs/308.png,0.2621614634990692,0.9565629363059998,1,0
imgs/309.png,0.26878097653388977,0.9556874632835388,1,-0.3141592653589793
imgs/310.png,0.5233986377716064,0.8386437892913818,1,-0.3141592653589793
imgs/311.png,0.7574103474617004,0.6334484219551086,1,-0.3141592653589793
imgs/312.png,0.8835374712944031,0.42229217290878296,1,-0.3141592653589793
imgs/313.png,0.9850150942802429,0.0708940252661705,1,0
imgs/314.png,0.9907351136207581,0.05036941170692444,1,0
imgs/315.png,0.991687536239624,0.046952005475759506,1,0
imgs/316.png,0.9918471574783325,0.04636670649051666,1,0
imgs/317.png,0.9918726086616516,0.04626043513417244,1,0
imgs/318.png,0.9918726086616516,0.04624783620238304,1,0
imgs/319.png,0.9388342499732971,0.029204491525888443,1,-0.3141592653589793
imgs/320.png,0.9544870853424072,-0.17607814073562622,1,0.3141592653589793
imgs/321.png,0.9872682094573975,0.040256600826978683,1,0
imgs/322.png,0.9897378087043762,0.06265316158533096,1,-0.3141592653589793
imgs/323.png,0.9675531387329102,-0.19594192504882812,1,-0.3141592653589793
imgs/324.png,0.8529545068740845,-0.4966776371002197,1,-0.3141592653589793
imgs/325.png,0.6544556617736816,-0.7391170263290405,1,-0.3141592653589793
imgs/326.png,0.4452122747898102,-0.8724613785743713,1,-0.3141592653589793
imgs/327.png,0.17986439168453217,-0.958585262298584,1,-0.3141592653589793
imgs/328.png,-0.10521215945482254,-0.9681149125099182,1,0
imgs/329.png,-0.18628856539726257,-0.9727442264556885,1,0
imgs/330.png,-0.19380982220172882,-0.973224401473999,1,0.3141592653589793
imgs/331.png,0.06985709071159363,-0.9846175909042358,1,0
imgs/332.png,0.11596281826496124,-0.9858828186988831,1,0
imgs/333.png,0.11751364171504974,-0.9859113693237305,1,0
imgs/334.png,0.11792727559804916,-0.9859113693237305,1,0
imgs/335.png,0.1179913729429245,-0.9859122037887573,1,0
imgs/336.png,0.11800764501094818,-0.9859122037887573,1,0
imgs/337.png,0.11801205575466156,-0.9859122037887573,1,0
imgs/338.png,0.11801205575466156,-0.9859122037887573,1,0
imgs/339.png,0.11801205575466156,-0.9859122037887573,1,0
imgs/340.png,0.11801205575466156,-0.9859122037887573,1,0
imgs/341.png,0.11801205575466156,-0.9859122037887573,1,-0.3141592653589793
imgs/342.png,-0.14800991117954254,-0.9759448170661926,1,0
imgs/343.png,-0.18499192595481873,-0.973936140537262,1,0
imgs/344.png,-0.19612322747707367,-0.9732560515403748,1,0
imgs/345.png,-0.19710370898246765,-0.9731979370117188,1,0
imgs/346.png,-0.19713976979255676,-0.9731979370117188,1,0
imgs/347.png,-0.19714544713497162,-0.9731979370117188,1,-0.3141592653589793
imgs/348.png,-0.4289891719818115,-0.8868664503097534,1,0
imgs/349.png,-0.4653417468070984,-0.8747909069061279,1,-0.3141592653589793
imgs/350.png,-0.6477018594741821,-0.7380003929138184,1,0
imgs/351.png,-0.6945434808731079,-0.7052342295646667,1,-0.3141592653589793
imgs/352.png,-0.8333311080932617,-0.5183653831481934,1,-0.3141592653589793
imgs/353.png,-0.9513920545578003,-0.23506811261177063,1,-0.3141592653589793
imgs/354.png,-0.9762638211250305,0.028032945469021797,1,0
imgs/355.png,-0.9840960502624512,0.09225895255804062,1,0
imgs/356.png,-0.9862508177757263,0.10850279033184052,1,0
imgs/357.png,-0.9865896105766296,0.111141137778759,1,0
imgs/358.png,-0.9866463541984558,0.11159349977970123,1,0
imgs/359.png,-0.9866481423377991,0.11167164891958237,1,0
imgs/360.png,-0.9866481423377991,0.1116851344704628,1,-0.3141592653589793
imgs/361.png,-0.9208924174308777,0.349969744682312,1,0
imgs/362.png,-0.9119119048118591,0.38759201765060425,1,0
imgs/363.png,-0.9100511074066162,0.3959265947341919,1,-0.3141592653589793
imgs/364.png,-0.7909877300262451,0.5831871032714844,1,-0.3141592653589793
imgs/365.png,-0.5948370099067688,0.7746148705482483,1,-0.3141592653589793
imgs/366.png,-0.3173764646053314,0.9257658123970032,1,-0.3141592653589793
imgs/367.png,-0.004538987763226032,0.9834911227226257,1,0
imgs/368.png,0.04129203036427498,0.9903170466423035,1,0
imgs/369.png,0.04933972656726837,0.9914247989654541,1,0
imgs/370.png,0.05087102949619293,0.9916269183158875,1,0
imgs/371.png,0.050988368690013885,0.9916387796401978,1,0
imgs/372.png,0.0510103702545166,0.9916387796401978,1,0
imgs/373.png,0.05101281777024269,0.9916387796401978,1,0
imgs/374.png,0.05101281777024269,0.9916387796401978,1,0
imgs/375.png,0.05101281777024269,0.9916387796401978,1,0
imgs/376.png,0.05101281777024269,0.9916387796401978,1,0
imgs/377.png,0.05101281777024269,0.9916387796401978,1,0
imgs/378.png,0.05101281777024269,0.9916387796401978,1,0
imgs/379.png,0.05101281777024269,0.9916387796401978,1,0
imgs/380.png,0.05101281777024269,0.9916387796401978,1,0
imgs/381.png,0.05101281777024269,0.9916387796401978,1,0
imgs/382.png,0.05101281777024269,0.9916387796401978,1,0
imgs/383.png,0.05101281777024269,0.9916387796401978,1,0.3141592653589793
imgs/384.png,-0.19481250643730164,0.9656966328620911,1,0.3141592653589793
imgs/385.png,-0.4835834205150604,0.8576788902282715,1,0
imgs/386.png,-0.525658130645752,0.8405211567878723,1,0
imgs/387.png,-0.5324400663375854,0.8376764059066772,1,0.3141592653589793
imgs/388.png,-0.6989638209342957,0.6909021735191345,1,0.3141592653589793
imgs/389.png,-0.8877199292182922,0.4236706495285034,1,0.3141592653589793
imgs/390.png,-0.9763972759246826,0.12303987145423889,1,0
imgs/391.png,-0.9888894557952881,0.07555267959833145,1,0
imgs/392.png,-0.990280032157898,0.07006432116031647,1,0
imgs/393.png,-0.9905281066894531,0.06906862556934357,1,0
imgs/394.png,-0.9905537366867065,0.06896621733903885,1,0.3141592653589793
imgs/395.png,-0.9674079418182373,-0.19612117111682892,1,0
imgs/396.png,-0.963561475276947,-0.23302887380123138,1,0
imgs/397.png,-0.9625430107116699,-0.24224470555782318,1,0.3141592653589793
imgs/398.png,-0.845531702041626,-0.5162780284881592,1,-0.3141592653589793
imgs/399.png,-0.9541966915130615,-0.2635999619960785,1,0.3141592653589793
imgs/400.png,-0.8631340861320496,-0.47553133964538574,1,0.3141592653589793
imgs/401.png,-0.7070807218551636,-0.6767679452896118,1,0.3141592653589793
imgs/402.png,-0.419673353433609,-0.499642938375473,1,0.3141592653589793
imgs/403.png,0.04037253186106682,-0.6151261329650879,1,0.3141592653589793
imgs/404.png,0.13499325513839722,-0.8902349472045898,1,0
imgs/405.png,0.1586911976337433,-0.957743227481842,1,-0.3141592653589793
imgs/406.png,-0.11477112770080566,-0.980278730392456,1,0
imgs/407.png,-0.14342670142650604,-0.9814553260803223,1,0
imgs/408.png,-0.14830382168293,-0.9816415905952454,1,0
imgs/409.png,-0.14908970892429352,-0.9816663861274719,1,0
imgs/410.png,-0.1492321938276291,-0.9816665649414062,1,0
imgs/411.png,-0.14925505220890045,-0.981667160987854,1,-0.3141592653589793
imgs/412.png,-0.3846666216850281,-0.9069268107414246,1,0
imgs/413.png,-0.42567890882492065,-0.8954365253448486,1,0.3141592653589793
imgs/414.png,-0.1962684690952301,-0.9655529856681824,1,0
imgs/415.png,-0.15719841420650482,-0.9789661169052124,1,0
imgs/416.png,-0.1502775102853775,-0.9812695980072021,1,0
imgs/417.png,-0.14918486773967743,-0.9816259145736694,1,0.3141592653589793
imgs/418.png,0.07135681807994843,-0.9803861379623413,1,0
imgs/419.png,0.13396532833576202,-0.9824413061141968,1,0
imgs/420.png,0.14056463539600372,-0.98271244764328,1,0
imgs/421.png,0.14170165359973907,-0.9827526807785034,1,0
imgs/422.png,0.14187848567962646,-0.9827526807785034,1,0
imgs/423.png,0.14192570745944977,-0.9827532172203064,1,0
imgs/424.png,0.1419336497783661,-0.9827532172203064,1,0
imgs/425.png,0.1419336497783661,-0.9827532172203064,1,0
imgs/426.png,0.1419336497783661,-0.9827532172203064,1,0.3141592653589793
imgs/427.png,0.35238221287727356,-0.9176808595657349,1,0.3141592653589793
imgs/428.png,0.5877038836479187,-0.7802813053131104,1,0.3141592653589793
imgs/429.png,0.7845829725265503,-0.5778659582138062,1,0.3141592653589793
imgs/430.png,0.9321467876434326,-0.2967810034751892,1,0
imgs/431.png,0.9560117721557617,-0.25364333391189575,1,0
imgs/432.png,0.9615472555160522,-0.24396219849586487,1,0.3141592653589793
imgs/433.png,0.9848451614379883,0.004819787573069334,1,0
imgs/434.png,0.9902755618095398,0.04776306822896004,1,0
imgs/435.png,0.9910807609558105,0.05460784211754799,1,0
imgs/436.png,0.9912685751914978,0.0563228540122509,1,0
imgs/437.png,0.991318941116333,0.056780051440000534,1,0
imgs/438.png,0.9913196563720703,0.05685185641050339,1,0
imgs/439.png,0.9913196563720703,0.05686899274587631,1,0.3141592653589793
imgs/440.png,0.9445295333862305,0.2724187672138214,1,0
imgs/441.png,0.9334220886230469,0.3344802260398865,1,0
imgs/442.png,0.932385265827179,0.34052783250808716,1,0
imgs/443.png,0.9321417212486267,0.34192201495170593,1,-0.3141592653589793
imgs/444.png,0.9837653040885925,0.08119237422943115,1,0
imgs/445.png,0.990957498550415,0.04124436527490616,1,0
imgs/446.png,0.9920691251754761,0.034744538366794586,1,0
imgs/447.png,0.9923611283302307,0.032998207956552505,1,0
imgs/448.png,0.9924126267433167,0.032699231058359146,1,0
imgs/449.png,0.9924135208129883,0.032647643238306046,1,0
imgs/450.png,0.9924135208129883,0.03263888508081436,1,0
imgs/451.png,0.9924135208129883,0.03263694792985916,1,0
imgs/452.png,0.9924135208129883,0.03263694792985916,1,0
imgs/453.png,0.9924135208129883,0.03263694792985916,1,0
imgs/454.png,0.9924135208129883,0.03263694792985916,1,0
imgs/455.png,0.9924135208129883,0.03263694792985916,1,0
imgs/456.png,0.9924135208129883,0.03263694792985916,1,0
imgs/457.png,0.9924135208129883,0.03263694792985916,1,0.3141592653589793
imgs/458.png,0.9509027004241943,0.24926188588142395,1,0
imgs/459.png,0.9413149356842041,0.31157535314559937,1,0.3141592653589793
imgs/460.png,0.8380582332611084,0.5123053193092346,1,0.3141592653589793
imgs/461.png,0.6586982011795044,0.7207791209220886,1,0.3141592653589793
imgs/462.png,0.42274636030197144,0.8776362538337708,1,0.3141592653589793
imgs/463.png,0.09523814171552658,0.977397084236145,1,0
imgs/464.png,0.05265438184142113,0.988646924495697,1,0.3141592653589793
imgs/465.png,-0.17672131955623627,0.9655337929725647,0.8999999999999999,0
imgs/466.png,-0.21630915999412537,0.8936137557029724,0.8999999999999999,0
imgs/467.png,-0.22403229773044586,0.8718984127044678,0.8999999999999999,0
imgs/468.png,-0.22591881453990936,0.8667517900466919,0.8999999999999999,-0.3141592653589793
imgs/469.png,-0.02873716689646244,0.8852447271347046,0.8999999999999999,0
imgs/470.png,0.02775898203253746,0.8926530480384827,0.8999999999999999,0
imgs/471.png,0.03354208916425705,0.8934537172317505,0.8999999999999999,0
imgs/472.png,0.03444194793701172,0.8935737609863281,0.8999999999999999,0
imgs/473.png,0.03466568887233734,0.8936043977737427,0.8999999999999999,0.3141592653589793
imgs/474.png,-0.1858016550540924,0.8675139546394348,0.8999999999999999,0
imgs/475.png,-0.22214683890342712,0.8648883700370789,0.8999999999999999,0
imgs/476.png,-0.22790732979774475,0.8644213676452637,0.8999999999999999,-0.3141592653589793
imgs/477.png,0.00871771015226841,0.8889656662940979,0.8999999999999999,0
imgs/478.png,0.041258204728364944,0.8918835520744324,0.8999999999999999,0
imgs/479.png,0.0493820458650589,0.892568051815033,0.8999999999999999,0
imgs/480.png,0.05132070556282997,0.8927271366119385,0.8999999999999999,0
imgs/481.png,0.05179395154118538,0.8927658200263977,0.8999999999999999,0
imgs/482.png,0.051909662783145905,0.8927698135375977,0.8999999999999999,0
imgs/483.png,0.05194052681326866,0.8927698135375977,0.8999999999999999,0
imgs/484.png,0.05194621533155441,0.8927698135375977,0.8999999999999999,0
imgs/485.png,0.051946479827165604,0.8927698135375977,0.8999999999999999,0
imgs/486.png,0.051946479827165604,0.8927698135375977,0.8999999999999999,0.3141592653589793
imgs/487.png,-0.1704854816198349,0.8707887530326843,0.8999999999999999,0.3141592653589793
imgs/488.png,-0.385531485080719,0.7925399541854858,0.8999999999999999,0
imgs/489.png,-0.441493421792984,0.7734560370445251,0.8999999999999999,0.3141592653589793
imgs/490.png,-0.607671856880188,0.6414337754249573,0.8999999999999999,0.3141592653589793
imgs/491.png,-0.7565736770629883,0.44634243845939636,0.8999999999999999,0.3141592653589793
imgs/492.png,-0.8525431156158447,0.20337514579296112,0.8999999999999999,0.3141592653589793
imgs/493.png,-0.8746176362037659,-0.05526835471391678,0.8999999999999999,0
imgs/494.png,-0.8820658326148987,-0.12414662539958954,0.8999999999999999,0
imgs/495.png,-0.8834184408187866,-0.13506241142749786,0.8999999999999999,0
imgs/496.png,-0.8836397528648376,-0.13693022727966309,0.8999999999999999,-0.3141592653589793
imgs/497.png,-0.8829976916313171,0.12253522127866745,0.8999999999999999,0
imgs/498.png,-0.8830251097679138,0.1369503140449524,0.8999999999999999,0
imgs/499.png,-0.8830258250236511,0.14070504903793335,0.8999999999999999,0
imgs/500.png,-0.8830258250236511,0.14129507541656494,0.8999999999999999,0
imgs/501.png,-0.8830258250236511,0.14145135879516602,0.8999999999999999,0
imgs/502.png,-0.8830258250236511,0.1414758712053299,0.8999999999999999,0
imgs/503.png,-0.8830258250236511,0.1414814293384552,0.8999999999999999,0
imgs/504.png,-0.8830258250236511,0.1414814293384552,0.8999999999999999,0
imgs/505.png,-0.8830258250236511,0.1414814293384552,0.8999999999999999,0
imgs/506.png,-0.8830258250236511,0.1414814293384552,0.8999999999999999,0.3141592653589793
imgs/507.png,-0.883520245552063,-0.0809471532702446,0.8999999999999999,0
imgs/508.png,-0.8847702145576477,-0.1163136214017868,0.8999999999999999,0
imgs/509.png,-0.8851555585861206,-0.12415889650583267,0.8999999999999999,-0.3141592653589793
imgs/510.png,-0.8823700547218323,0.07231132686138153,0.8999999999999999,0
imgs/511.png,-0.8837708234786987,0.12811626493930817,0.8999999999999999,0
imgs/512.png,-0.8839893341064453,0.1346142590045929,0.8999999999999999,0.3141592653589793
imgs/513.png,-0.8830509781837463,-0.06279053539037704,0.8999999999999999,0
imgs/514.png,-0.8848205208778381,-0.11658650636672974,0.8999999999999999,-0.3141592653589793
imgs/515.png,-0.8817012310028076,0.1143830195069313,0.8999999999999999,0
imgs/516.png,-0.880479633808136,0.1524156928062439,0.8999999999999999,0
imgs/517.png,-0.8803067803382874,0.15681789815425873,0.8999999999999999,0.3141592653589793
imgs/518.png,-0.8843861222267151,-0.040825530886650085,0.8999999999999999,-0.3141592653589793
imgs/519.png,-0.8785514831542969,0.12859787046909332,0.8999999999999999,0
imgs/520.png,-0.878824770450592,0.15633241832256317,0.8999999999999999,0.3141592653589793
imgs/521.png,-0.8852895498275757,-0.059718430042266846,0.8999999999999999,0
imgs/522.png,-0.8874539136886597,-0.09391813725233078,0.8999999999999999,0.3141592653589793
imgs/523.png,-0.8280027508735657,-0.3167971968650818,0.8999999999999999,0.3141592653589793
imgs/524.png,-0.6880373358726501,-0.5591800808906555,0.8999999999999999,0.3141592653589793
imgs/525.png,-0.4929017126560211,-0.7334911823272705,0.8999999999999999,0.3141592653589793
imgs/526.png,-0.23460981249809265,-0.8544653654098511,0.8999999999999999,0.3141592653589793
imgs/527.png,0.02579072117805481,-0.8832235932350159,0.8999999999999999,0
imgs/528.png,0.06725616008043289,-0.888896107673645,0.8999999999999999,-0.3141592653589793
imgs/529.png,-0.12133779376745224,-0.8769084811210632,0.8999999999999999,0
imgs/530.png,-0.17505909502506256,-0.8756915330886841,0.8999999999999999,0
imgs/531.png,-0.18106627464294434,-0.8756124377250671,0.8999999999999999,0
imgs/532.png,-0.18167972564697266,-0.875606894493103,0.8999999999999999,0.3141592653589793
imgs/533.png,0.018863504752516747,-0.8852826952934265,0.8999999999999999,-0.3141592653589793
imgs/534.png,-0.13143207132816315,-0.8760860562324524,0.8999999999999999,0.3141592653589793
imgs/535.png,0.046847760677337646,-0.8864762187004089,0.8999999999999999,0
imgs/536.png,0.07777558267116547,-0.890056312084198,0.8999999999999999,0
imgs/537.png,0.080813929438591,-0.8904247283935547,0.8999999999999999,0
imgs/538.png,0.08175715059041977,-0.8905287981033325,0.8999999999999999,0
imgs/539.png,0.0818111002445221,-0.8905293941497803,0.8999999999999999,0
imgs/540.png,0.08181494474411011,-0.8905293941497803,0.8999999999999999,0
imgs/541.png,0.08181494474411011,-0.8905293941497803,0.8999999999999999,0
imgs/542.png,0.08181494474411011,-0.8905293941497803,0.8999999999999999,0
imgs/543.png,0.08181494474411011,-0.8905293941497803,0.8999999999999999,0
imgs/544.png,0.08181494474411011,-0.8905293941497803,0.8999999999999999,0
imgs/545.png,0.08181494474411011,-0.8905293941497803,0.8999999999999999,0
imgs/546.png,0.08181494474411011,-0.8905293941497803,0.8999999999999999,0
imgs/547.png,0.08181494474411011,-0.8905293941497803,0.8999999999999999,0
imgs/548.png,0.08181494474411011,-0.8905293941497803,0.8999999999999999,0
imgs/549.png,0.08181494474411011,-0.8905293941497803,0.8999999999999999,0.3141592653589793
imgs/550.png,0.31383776664733887,-0.8317145109176636,0.8999999999999999,0.3141592653589793
imgs/551.png,0.5519257187843323,-0.6939917206764221,0.8999999999999999,0.3141592653589793
imgs/552.png,0.7415536046028137,-0.48564252257347107,0.8999999999999999,0.3141592653589793
imgs/553.png,0.8486798405647278,-0.24629990756511688,0.8999999999999999,0.3141592653589793
imgs/554.png,0.8830975890159607,0.016557395458221436,0.8999999999999999,0
imgs/555.png,0.889474093914032,0.05776384472846985,0.8999999999999999,0.3141592653589793
imgs/556.png,0.8448714017868042,0.26000189781188965,0.8999999999999999,0
imgs/557.png,0.8354426026344299,0.3107320964336395,0.8999999999999999,-0.3141592653589793
imgs/558.png,0.8760204315185547,0.12853862345218658,0.8999999999999999,0
imgs/559.png,0.8889691829681396,0.07945436239242554,0.8999999999999999,0
imgs/560.png,0.8910846710205078,0.07193009555339813,0.8999999999999999,0
imgs/561.png,0.8914108276367188,0.0707555040717125,0.8999999999999999,0
imgs/562.png,0.891488790512085,0.07046984881162643,0.8999999999999999,-0.3141592653589793
imgs/563.png,0.8760684132575989,-0.12763331830501556,0.8999999999999999,0
imgs/564.png,0.8738599419593811,-0.18124982714653015,0.8999999999999999,0
imgs/565.png,0.8736562728881836,-0.18887199461460114,0.8999999999999999,0
imgs/566.png,0.873606264591217,-0.19071005284786224,0.8999999999999999,0.3141592653589793
imgs/567.png,0.8867018818855286,0.03102624975144863,0.8999999999999999,0.3141592653589793
imgs/568.png,0.8424862027168274,0.25852227210998535,0.8999999999999999,0.3141592653589793
imgs/569.png,0.7189111113548279,0.5108557343482971,0.8999999999999999,0.3141592653589793
imgs/570.png,0.5341155529022217,0.7029830813407898,0.8999999999999999,0.3141592653589793
imgs/571.png,0.2709461450576782,0.8460862636566162,0.8999999999999999,0
imgs/572.png,0.24540400505065918,0.8588438034057617,0.8999999999999999,0
imgs/573.png,0.24148251116275787,0.8607959747314453,0.8999999999999999,0
imgs/574.png,0.24053218960762024,0.861268162727356,0.8999999999999999,0.3141592653589793
imgs/575.png,0.04376605525612831,0.8841602206230164,0.8999999999999999,0
imgs/576.png,-0.00799926370382309,0.8916038274765015,0.8999999999999999,-0.3141592653589793
imgs/577.png,0.17424672842025757,0.8680019974708557,0.8999999999999999,0
imgs/578.png,0.22871731221675873,0.8626418113708496,0.8999999999999999,0
imgs/579.png,0.23712122440338135,0.8619508743286133,0.8999999999999999,0.3141592653589793
imgs/580.png,0.017372122034430504,0.8870866298675537,0.8999999999999999,0
imgs/581.png,-0.019742555916309357,0.8927340507507324,0.8999999999999999,0
imgs/582.png,-0.026303546503186226,0.8936721682548523,0.8999999999999999,0
imgs/583.png,-0.027436118572950363,0.8938278555870056,0.8999999999999999,0
imgs/584.png,-0.027631539851427078,0.8938509225845337,0.8999999999999999,0
imgs/585.png,-0.027665216475725174,0.8938523530960083,0.8999999999999999,0
imgs/586.png,-0.027670843526721,0.8938523530960083,0.8999999999999999,0
imgs/587.png,-0.0276718121021986,0.8938523530960083,0.8999999999999999,0
imgs/588.png,-0.0276718121021986,0.8938523530960083,0.8999999999999999,0
imgs/589.png,-0.0276718121021986,0.8938523530960083,0.8999999999999999,0
imgs/590.png,-0.0276718121021986,0.8938523530960083,0.8999999999999999,0
imgs/591.png,-0.0276718121021986,0.8938523530960083,0.8999999999999999,-0.3141592653589793
imgs/592.png,0.19318468868732452,0.8659496903419495,0.8999999999999999,0
imgs/593.png,0.23082950711250305,0.8625959157943726,0.8999999999999999,0
imgs/594.png,0.23687824606895447,0.8620061874389648,0.8999999999999999,-0.3141592653589793
imgs/595.png,0.4567336142063141,0.7625705599784851,0.8999999999999999,-0.3141592653589793
imgs/596.png,0.6534484624862671,0.5958595275878906,0.8999999999999999,-0.3141592653589793
imgs/597.png,0.7997890114784241,0.3751915991306305,0.8999999999999999,-0.3141592653589793
imgs/598.png,0.8748794794082642,0.12093794345855713,0.8999999999999999,0
imgs/599.png,0.8887898921966553,0.07793491333723068,0.8999999999999999,0
imgs/600.png,0.8909565806388855,0.07098936289548874,0.8999999999999999,-0.3141592653589793
imgs/601.png,0.8756704330444336,-0.1287492960691452,0.8999999999999999,0
imgs/602.png,0.8734568953514099,-0.18293045461177826,0.8999999999999999,0
imgs/603.png,0.8732519745826721,-0.19067968428134918,0.8999999999999999,0.3141592653589793
imgs/604.png,0.8853269815444946,0.00572034390643239,0.8999999999999999,0
imgs/605.png,0.8900645971298218,0.054239362478256226,0.8999999999999999,0
imgs/606.png,0.8912622332572937,0.06530885398387909,0.8999999999999999,0
imgs/607.png,0.8915705680847168,0.06826383620500565,0.8999999999999999,0
imgs/608.png,0.8916230201721191,0.06876642256975174,0.8999999999999999,-0.3141592653589793
imgs/609.png,0.8758761286735535,-0.12890437245368958,0.8999999999999999,0
imgs/610.png,0.8735564351081848,-0.18269126117229462,0.8999999999999999,-0.3141592653589793
imgs/611.png,0.8008057475090027,-0.37526634335517883,0.8999999999999999,-0.3141592653589793
imgs/612.png,0.6613984107971191,-0.5794791579246521,0.8999999999999999,-0.3141592653589793
imgs/613.png,0.46594521403312683,-0.7433778047561646,0.8999999999999999,-0.3141592653589793
imgs/614.png,0.153615340590477,-0.8772741556167603,0.8999999999999999,-0.3141592653589793
imgs/615.png,-0.11117047816514969,-0.8827681541442871,0.8999999999999999,-0.3141592653589793
imgs/616.png,-0.32428982853889465,-0.8206060528755188,0.8999999999999999,0
imgs/617.png,-0.3867226541042328,-0.8044565320014954,0.8999999999999999,0
imgs/618.png,-0.39284494519233704,-0.80292147397995,0.8999999999999999,0
imgs/619.png,-0.3943255543708801,-0.8025450706481934,0.8999999999999999,0.3141592653589793
imgs/620.png,-0.18226084113121033,-0.8683019876480103,0.8999999999999999,0.3141592653589793
imgs/621.png,0.076468326151371,-0.8809054493904114,0.8999999999999999,0
imgs/622.png,0.12072104960680008,-0.8842064142227173,0.8999999999999999,0
imgs/623.png,0.12838351726531982,-0.8846961855888367,0.8999999999999999,0
imgs/624.png,0.12972137331962585,-0.8847730159759521,0.8999999999999999,0
imgs/625.png,0.12993185222148895,-0.8847798705101013,0.8999999999999999,0
imgs/626.png,0.12998872995376587,-0.8847804069519043,0.8999999999999999,0
imgs/627.png,0.1299978345632553,-0.8847804069519043,0.8999999999999999,0
imgs/628.png,0.12999838590621948,-0.8847804069519043,0.8999999999999999,0
imgs/629.png,0.12999838590621948,-0.8847804069519043,0.8999999999999999,0
imgs/630.png,0.12999838590621948,-0.8847804069519043,0.8999999999999999,0
imgs/631.png,0.12999838590621948,-0.8847804069519043,0.8999999999999999,0
imgs/632.png,0.12999838590621948,-0.8847804069519043,0.8999999999999999,0
imgs/633.png,0.12999838590621948,-0.8847804069519043,0.8999999999999999,0
imgs/634.png,0.12999838590621948,-0.8847804069519043,0.8999999999999999,-0.3141592653589793
imgs/635.png,-0.0683644637465477,-0.8826634287834167,0.8999999999999999,0
imgs/636.png,-0.11738438159227371,-0.8839493989944458,0.8999999999999999,-0.3141592653589793
imgs/637.png,-0.3708128333091736,-0.8089130520820618,0.8999999999999999,0
imgs/638.png,-0.39429813623428345,-0.8013737201690674,0.8999999999999999,0
imgs/639.png,-0.4001844525337219,-0.7994324564933777,0.8999999999999999,-0.3141592653589793
imgs/640.png,-0.5625317692756653,-0.6833709478378296,0.8999999999999999,0
imgs/641.png,-0.6076396107673645,-0.6536067724227905,0.8999999999999999,-0.3141592653589793
imgs/642.png,-0.734802782535553,-0.49207204580307007,0.8999999999999999,0
imgs/643.png,-0.767544686794281,-0.45338982343673706,0.8999999999999999,-0.3141592653589793
imgs/644.png,-0.8544091582298279,-0.23517794907093048,0.8999999999999999,-0.3141592653589793
imgs/645.png,-0.8807865977287292,-0.003147875890135765,0.8999999999999999,0
imgs/646.png,-0.8889205455780029,0.05309154465794563,0.8999999999999999,0.3141592653589793
imgs/647.png,-0.8736904263496399,-0.15465205907821655,0.8999999999999999,0
imgs/648.png,-0.8722577691078186,-0.19302447140216827,0.8999999999999999,0
imgs/649.png,-0.872102677822113,-0.1974617838859558,0.8999999999999999,0
imgs/650.png,-0.8720871210098267,-0.19799214601516724,0.8999999999999999,0
imgs/651.png,-0.8720871210098267,-0.19804807007312775,0.8999999999999999,-0.3141592653589793
imgs/652.png,-0.88936448097229,0.06131259351968765,0.8999999999999999,0.3141592653589793
imgs/653.png,-0.8770712614059448,-0.12243524938821793,0.8999999999999999,0
imgs/654.png,-0.8758299946784973,-0.17197565734386444,0.8999999999999999,-0.3141592653589793
imgs/655.png,-0.8870892524719238,0.05941729620099068,0.8999999999999999,0
imgs/656.png,-0.8881720900535583,0.09530599415302277,0.8999999999999999,0
imgs/657.png,-0.8883094787597656,0.101706363260746,0.8999999999999999,0
imgs/658.png,-0.8883252143859863,0.10280009359121323,0.8999999999999999,0
imgs/659.png,-0.8883252143859863,0.10298755019903183,0.8999999999999999,0
imgs/660.png,-0.8883254528045654,0.10302230715751648,0.8999999999999999,0
imgs/661.png,-0.8883254528045654,0.10302573442459106,0.8999999999999999,0.3141592653589793
imgs/662.png,-0.8791506886482239,-0.11976087838411331,0.8999999999999999,0
imgs/663.png,-0.8788894414901733,-0.15811599791049957,0.8999999999999999,0
imgs/664.png,-0.8787952065467834,-0.16402395069599152,0.8999999999999999,-0.3141592653589793
imgs/665.png,-0.8854543566703796,0.057213373482227325,0.8999999999999999,0
imgs/666.png,-0.8883934617042542,0.0966445803642273,0.8999999999999999,0
imgs/667.png,-0.8886632323265076,0.09944351017475128,0.8999999999999999,0
imgs/668.png,-0.8886903524398804,0.09975604712963104,0.8999999999999999,0
imgs/669.png,-0.8886913657188416,0.09981006383895874,0.8999999999999999,-0.3141592653589793
imgs/670.png,-0.8295931220054626,0.31463104486465454,0.8999999999999999,0
imgs/671.png,-0.8214296698570251,0.35018622875213623,0.8999999999999999,0
imgs/672.png,-0.8200598955154419,0.355912446975708,0.8999999999999999,-0.3141592653589793
imgs/673.png,-0.7128120064735413,0.5247742533683777,0.8999999999999999,-0.3141592653589793
imgs/674.png,-0.5149277448654175,0.7170773148536682,0.8999999999999999,-0.3141592653589793
imgs/675.png,-0.2620587646961212,0.846397340297699,0.8999999999999999,-0.3141592653589793
imgs/676.png,0.02935839258134365,0.8880410194396973,0.8999999999999999,0
imgs/677.png,0.05643986165523529,0.8909938335418701,0.8999999999999999,0.3141592653589793
imgs/678.png,-0.1346040666103363,0.8751508593559265,0.8999999999999999,0
imgs/679.png,-0.1912640929222107,0.8722890019416809,0.8999999999999999,0
imgs/680.png,-0.19681966304779053,0.8720420002937317,0.8999999999999999,-0.3141592653589793
imgs/681.png,0.02216610126197338,0.8868294358253479,0.8999999999999999,0
imgs/682.png,0.05651319772005081,0.8905669450759888,0.8999999999999999,0
imgs/683.png,0.06399378925561905,0.8915233016014099,0.8999999999999999,0
imgs/684.png,0.06594821065664291,0.8917731642723083,0.8999999999999999,0
imgs/685.png,0.06628622859716415,0.891814112663269,0.8999999999999999,0
imgs/686.png,0.06634819507598877,0.891814649105072,0.8999999999999999,0
imgs/687.png,0.06635451316833496,0.891814649105072,0.8999999999999999,-0.3141592653589793
imgs/688.png,0.2830602526664734,0.8408719301223755,0.8999999999999999,0
imgs/689.png,0.3201373219490051,0.8335863947868347,0.8999999999999999,0
imgs/690.png,0.32608315348625183,0.8323666453361511,0.8999999999999999,0.3141592653589793
imgs/691.png,0.11023924499750137,0.8804082870483398,0.8999999999999999,0
imgs/692.png,0.07380819320678711,0.8899002075195312,0.8999999999999999,0
imgs/693.png,0.0678723156452179,0.8913930058479309,0.8999999999999999,0
imgs/694.png,0.06644832342863083,0.8917390704154968,0.8999999999999999,0.3141592653589793
imgs/695.png,-0.15596884489059448,0.8734061121940613,0.8999999999999999,0.3141592653589793
imgs/696.png,-0.416827529668808,0.7827751040458679,0.8999999999999999,0
imgs/697.png,-0.4544094502925873,0.7685900926589966,0.8999999999999999,0
imgs/698.png,-0.46041011810302734,0.766257643699646,0.8999999999999999,-0.3141592653589793
imgs/699.png,-0.255683958530426,0.8496453166007996,0.8999999999999999,0
imgs/700.png,-0.2254151850938797,0.8634843230247498,0.8999999999999999,-0.3141592653589793
imgs/701.png,0.0031742481514811516,0.8865264654159546,0.8999999999999999,-0.3141592653589793
imgs/702.png,0.2772778868675232,0.8422658443450928,0.8999999999999999,-0.3141592653589793
imgs/703.png,0.5089868307113647,0.7225538492202759,0.8999999999999999,-0.3141592653589793
imgs/704.png,0.6792736053466797,0.5595740675926208,0.8999999999999999,-0.3141592653589793
imgs/705.png,0.808966875076294,0.34036344289779663,0.8999999999999999,-0.3141592653589793
imgs/706.png,0.871941864490509,0.08994175493717194,0.8999999999999999,-0.3141592653589793
imgs/707.png,0.8575947284698486,-0.1996825784444809,0.8999999999999999,-0.3141592653589793
imgs/708.png,0.04862650856375694,-0.15320061147212982,0.8999999999999999,0
imgs/709.png,0.4068399667739868,-0.3927282989025116,0.8999999999999999,-0.3141592653589793
imgs/710.png,0.32331758737564087,-0.37284594774246216,0.8999999999999999,0
imgs/711.png,0.18102902173995972,-0.4560728371143341,0.8999999999999999,0
imgs/712.png,0.46573156118392944,-0.6423871517181396,0.8999999999999999,0.3141592653589793
imgs/713.png,0.6685017943382263,-0.5406226515769958,0.8999999999999999,0.3141592653589793
imgs/714.png,0.8047232031822205,-0.3380993604660034,0.8999999999999999,0.3141592653589793
imgs/715.png,0.8828728795051575,-0.03927180543541908,0.8999999999999999,0
imgs/716.png,0.8923154473304749,0.0037675611674785614,0.8999999999999999,0
imgs/717.png,0.8938795924186707,0.01135047897696495,0.8999999999999999,0
imgs/718.png,0.8941184282302856,0.012537725269794464,0.8999999999999999,0
imgs/719.png,0.8941816687583923,0.012854674831032753,0.8999999999999999,0
imgs/720.png,0.8941870331764221,0.012908964417874813,0.8999999999999999,0
imgs/721.png,0.8941870331764221,0.012917435728013515,0.8999999999999999,0
imgs/722.png,0.8941870331764221,0.012919490225613117,0.8999999999999999,0
imgs/723.png,0.8941870331764221,0.012920075096189976,0.8999999999999999,0
imgs/724.png,0.8941870331764221,0.012920109555125237,0.8999999999999999,0
imgs/725.png,0.8941870331764221,0.01292002946138382,0.8999999999999999,0
imgs/726.png,0.8941870331764221,0.012920050881803036,0.8999999999999999,0
imgs/727.png,0.8941870331764221,0.012920059263706207,0.8999999999999999,0
imgs/728.png,0.8941870331764221,0.012920059263706207,0.8999999999999999,0
imgs/729.png,0.8941870331764221,0.012920059263706207,0.8999999999999999,0
imgs/730.png,0.8941870331764221,0.012920059263706207,0.8999999999999999,0
imgs/731.png,0.8941870331764221,0.012920059263706207,0.8999999999999999,0.3141592653589793
imgs/732.png,0.8604289293289185,0.20840150117874146,0.8999999999999999,0
imgs/733.png,0.8536986112594604,0.25754380226135254,0.8999999999999999,-0.3141592653589793
imgs/734.png,0.8825047016143799,0.07242865860462189,0.8999999999999999,0
imgs/735.png,0.891380786895752,0.026820916682481766,0.8999999999999999,0
imgs/736.png,0.8937220573425293,0.015470575541257858,0.8999999999999999,0
imgs/737.png,0.8941115140914917,0.01356140524148941,0.8999999999999999,0
imgs/738.png,0.8941705822944641,0.013262659311294556,0.8999999999999999,0
imgs/739.png,0.8941828608512878,0.013183358125388622,0.8999999999999999,0
imgs/740.png,0.8941828608512878,0.013169171288609505,0.8999999999999999,0
imgs/741.png,0.8941828608512878,0.013166739605367184,0.8999999999999999,0
imgs/742.png,0.8941828608512878,0.013166740536689758,0.8999999999999999,0
imgs/743.png,0.8941828608512878,0.013166909106075764,0.8999999999999999,-0.3141592653589793
imgs/744.png,0.8661781549453735,-0.18295907974243164,0.8999999999999999,0
imgs/745.png,0.8608563542366028,-0.2325030416250229,0.8999999999999999,-0.3141592653589793
imgs/746.png,0.7758367657661438,-0.4235236644744873,0.8999999999999999,0
imgs/747.png,0.7562122941017151,-0.4718216359615326,0.8999999999999999,-0.3141592653589793
imgs/748.png,0.6195048689842224,-0.6302802562713623,0.8999999999999999,0
imgs/749.png,0.5865805745124817,-0.6710500121116638,0.8999999999999999,-0.3141592653589793
imgs/750.png,0.38781800866127014,-0.796735405921936,0.8999999999999999,-0.3141592653589793
imgs/751.png,0.13832321763038635,-0.873014509677887,0.8999999999999999,0
imgs/752.png,0.09934283792972565,-0.8859685659408569,0.8999999999999999,0
imgs/753.png,0.08976391702890396,-0.8892936110496521,0.8999999999999999,0
imgs/754.png,0.08807632327079773,-0.8898591995239258,0.8999999999999999,0
imgs/755.png,0.08781000226736069,-0.8899471759796143,0.8999999999999999,-0.3141592653589793
imgs/756.png,-0.13680878281593323,-0.876842200756073,0.8999999999999999,0
imgs/757.png,-0.16971801221370697,-0.876168429851532,0.8999999999999999,0
imgs/758.png,-0.17758241295814514,-0.8761597871780396,0.8999999999999999,0
imgs/759.png,-0.17897331714630127,-0.8761460185050964,0.8999999999999999,0
imgs/760.png,-0.17921225726604462,-0.8761460185050964,0.8999999999999999,0
imgs/761.png,-0.1792536973953247,-0.8761457204818726,0.8999999999999999,0
imgs/762.png,-0.17926067113876343,-0.8761457204818726,0.8999999999999999,0
imgs/763.png,-0.17926067113876343,-0.8761448264122009,0.8999999999999999,0
imgs/764.png,-0.17926067113876343,-0.8761448264122009,0.8999999999999999,0.3141592653589793
imgs/765.png,0.04330606758594513,-0.8861985802650452,0.8999999999999999,0
imgs/766.png,0.07856470346450806,-0.8895140290260315,0.8999999999999999,0
imgs/767.png,0.0842396467924118,-0.8899909853935242,0.8999999999999999,0.3141592653589793
imgs/768.png,0.2777406871318817,-0.840430498123169,0.8999999999999999,0
imgs/769.png,0.32989823818206787,-0.8283235430717468,0.8999999999999999,-0.3141592653589793
imgs/770.png,0.1269371509552002,-0.8783221244812012,0.8999999999999999,0
imgs/771.png,0.09548992663621902,-0.8879035115242004,0.8999999999999999,0
imgs/772.png,0.08989425748586655,-0.8895394802093506,0.8999999999999999,0
imgs/773.png,0.08892080187797546,-0.8898179531097412,0.8999999999999999,0
imgs/774.png,0.08875291794538498,-0.8898674249649048,0.8999999999999999,0
imgs/775.png,0.08872370421886444,-0.8898674249649048,0.8999999999999999,-0.3141592653589793
imgs/776.png,-0.1625148355960846,-0.8754504919052124,0.8999999999999999,-0.3141592653589793
imgs/777.png,-0.4122439920902252,-0.7857035994529724,0.8999999999999999,-0.3141592653589793
imgs/778.png,-0.5989534258842468,-0.6458665132522583,0.8999999999999999,-0.3141592653589793
imgs/779.png,-0.7735941410064697,-0.4230717122554779,0.8999999999999999,-0.3141592653589793
imgs/780.png,-0.8565905094146729,-0.19870968163013458,0.8999999999999999,-0.3141592653589793
imgs/781.png,-0.8723809123039246,0.10834544897079468,0.8999999999999999,0
imgs/782.png,-0.8792811632156372,0.14757056534290314,0.8999999999999999,0
imgs/783.png,-0.8804338574409485,0.15496104955673218,0.8999999999999999,0
imgs/784.png,-0.8805633187294006,0.1558486521244049,0.8999999999999999,0
imgs/785.png,-0.8805731534957886,0.15594086050987244,0.8999999999999999,0
imgs/786.png,-0.8805735111236572,0.15596717596054077,0.8999999999999999,0
imgs/787.png,-0.8805735111236572,0.1559705138206482,0.8999999999999999,0
imgs/788.png,-0.8805735111236572,0.1559705138206482,0.8999999999999999,0
imgs/789.png,-0.8805735111236572,0.1559705138206482,0.8999999999999999,0
imgs/790.png,-0.8805735111236572,0.15597209334373474,0.8999999999999999,0
imgs/791.png,-0.8805735111236572,0.15597209334373474,0.8999999999999999,0
imgs/792.png,-0.8805735111236572,0.15597259998321533,0.8999999999999999,0
imgs/793.png,-0.8805735111236572,0.15597346425056458,0.8999999999999999,0
imgs/794.png,-0.8805735111236572,0.15597346425056458,0.8999999999999999,0
imgs/795.png,-0.8805735111236572,0.15597346425056458,0.8999999999999999,0
imgs/796.png,-0.8805735111236572,0.15597346425056458,0.8999999999999999,0.3141592653589793
imgs/797.png,-0.8847366571426392,-0.06678184866905212,0.8999999999999999,0
imgs/798.png,-0.8869774341583252,-0.10319364815950394,0.8999999999999999,0.3141592653589793
imgs/799.png,-0.8322706818580627,-0.29967179894447327,0.8999999999999999,0
imgs/800.png,-0.8185924291610718,-0.35513225197792053,0.8999999999999999,0
imgs/801.png,-0.8167687058448792,-0.36300572752952576,0.8999999999999999,-0.3141592653589793
imgs/802.png,-0.8674275279045105,-0.17618682980537415,0.8999999999999999,0
imgs/803.png,-0.884153425693512,-0.12088147550821304,0.8999999999999999,0
imgs/804.png,-0.886638343334198,-0.11309022456407547,0.8999999999999999,0
imgs/805.png,-0.8872846961021423,-0.11106166243553162,0.8999999999999999,0
imgs/806.png,-0.8873845934867859,-0.11074420809745789,0.8999999999999999,0
imgs/807.png,-0.887410044670105,-0.11066677421331406,0.8999999999999999,0
imgs/808.png,-0.887410044670105,-0.11064812541007996,0.8999999999999999,0
imgs/809.png,-0.887410044670105,-0.11064378917217255,0.8999999999999999,0
imgs/810.png,-0.887410044670105,-0.11064378917217255,0.8999999999999999,-0.3141592653589793
imgs/811.png,-0.8809517621994019,0.08788662403821945,0.8999999999999999,-0.3141592653589793
imgs/812.png,-0.809773325920105,0.3520916998386383,0.8999999999999999,0
imgs/813.png,-0.7999541163444519,0.3930334448814392,0.8999999999999999,-0.3141592653589793
imgs/814.png,-0.6814010143280029,0.5631320476531982,0.8999999999999999,0
imgs/815.png,-0.6534699201583862,0.606209933757782,0.8999999999999999,-0.3141592653589793
imgs/816.png,-0.4692891836166382,0.7516467571258545,0.8999999999999999,0
imgs/817.png,-0.4412538409233093,0.7753269076347351,0.8999999999999999,-0.3141592653589793
imgs/818.png,-0.22513169050216675,0.8573942184448242,0.8999999999999999,0
imgs/819.png,-0.1917150467634201,0.8713499307632446,0.8999999999999999,0
imgs/820.png,-0.1843484789133072,0.8745558857917786,0.8999999999999999,0
imgs/821.png,-0.1825818419456482,0.8753240704536438,0.8999999999999999,0
imgs/822.png,-0.1821126937866211,0.8755267262458801,0.8999999999999999,0
imgs/823.png,-0.18203991651535034,0.8755608797073364,0.8999999999999999,-0.3141592653589793
imgs/824.png,0.016380080953240395,0.8851727247238159,0.8999999999999999,0
imgs/825.png,0.06582000851631165,0.8893662095069885,0.8999999999999999,0
imgs/826.png,0.07655637711286545,0.8903880715370178,0.8999999999999999,0
imgs/827.png,0.07942081987857819,0.890649139881134,0.8999999999999999,0
imgs/828.png,0.07986419647932053,0.8906883001327515,0.8999999999999999,0
imgs/829.png,0.07997709512710571,0.8906928896903992,0.8999999999999999,0
imgs/830.png,0.0800052061676979,0.8906938433647156,0.8999999999999999,0
imgs/831.png,0.08001180738210678,0.8906938433647156,0.8999999999999999,-0.3141592653589793
imgs/832.png,0.2724079191684723,0.8423557877540588,0.8999999999999999,0
imgs/833.png,0.320936381816864,0.8319516777992249,0.8999999999999999,0
imgs/834.png,0.3319498598575592,0.8297060132026672,0.8999999999999999,0.3141592653589793
imgs/835.png,0.14116042852401733,0.87403804063797,0.8999999999999999,0
imgs/836.png,0.09007148444652557,0.887924313545227,0.8999999999999999,0
imgs/837.png,0.08171634376049042,0.8903278112411499,0.8999999999999999,0
imgs/838.png,0.0807756632566452,0.8905949592590332,0.8999999999999999,0
imgs/839.png,0.0806158259510994,0.8906404376029968,0.8999999999999999,0
imgs/840.png,0.08059076964855194,0.8906404376029968,0.8999999999999999,0
imgs/841.png,0.08058395236730576,0.8906404376029968,0.8999999999999999,0
imgs/842.png,0.08058374375104904,0.8906404376029968,0.8999999999999999,-0.3141592653589793
imgs/843.png,0.27294692397117615,0.8421808481216431,0.8999999999999999,0.3141592653589793
imgs/844.png,0.12823054194450378,0.876606822013855,0.8999999999999999,-0.3141592653589793
imgs/845.png,0.30436867475509644,0.8337360620498657,0.8999999999999999,0
imgs/846.png,0.33286547660827637,0.8281350135803223,0.8999999999999999,0
imgs/847.png,0.33909350633621216,0.827042818069458,0.8999999999999999,-0.3141592653589793
imgs/848.png,0.5099245309829712,0.7234576344490051,0.8999999999999999,-0.3141592653589793
imgs/849.png,0.6855610609054565,0.5510709881782532,0.8999999999999999,-0.3141592653589793
imgs/850.png,0.8084806203842163,0.11317570507526398,0.8999999999999999,-0.3141592653589793
imgs/851.png,0.8503398895263672,0.023797109723091125,0.8999999999999999,0
imgs/852.png,0.8868913054466248,-0.004503767937421799,0.8999999999999999,0.3141592653589793
imgs/853.png,0.8636037707328796,0.18802699446678162,0.8999999999999999,0
imgs/854.png,0.8589022755622864,0.24378912150859833,0.8999999999999999,0
imgs/855.png,0.8584563732147217,0.24970954656600952,0.8999999999999999,0
imgs/856.png,0.858380138874054,0.25065216422080994,0.8999999999999999,-0.3141592653589793
imgs/857.png,0.883621871471405,0.054381802678108215,0.8999999999999999,0
imgs/858.png,0.8916832804679871,0.005720932502299547,0.8999999999999999,0
imgs/859.png,0.8938159942626953,-0.006368287373334169,0.8999999999999999,0
imgs/860.png,0.8941934704780579,-0.008536343462765217,0.8999999999999999,0
imgs/861.png,0.894232451915741,-0.008760749362409115,0.8999999999999999,0
imgs/862.png,0.8942367434501648,-0.008821176365017891,0.8999999999999999,0
imgs/863.png,0.8942367434501648,-0.008831020444631577,0.8999999999999999,0.3141592653589793
imgs/864.png,0.8653200268745422,0.18689775466918945,0.8999999999999999,0
imgs/865.png,0.8598094582557678,0.23633438348770142,0.8999999999999999,-0.3141592653589793
imgs/866.png,0.8839951157569885,0.05081512778997421,0.8999999999999999,0
imgs/867.png,0.8917760848999023,0.005187495145946741,0.8999999999999999,0
imgs/868.png,0.8939599394798279,-0.006796694360673428,0.8999999999999999,0.3141592653589793
imgs/869.png,0.8651259541511536,0.18794840574264526,0.8999999999999999,0
imgs/870.png,0.8597452044487,0.2366451472043991,0.8999999999999999,-0.3141592653589793
imgs/871.png,0.88394695520401,0.05116700753569603,0.8999999999999999,0
imgs/872.png,0.8917711973190308,0.005114895757287741,0.8999999999999999,0
imgs/873.png,0.8936538696289062,-0.0052459328435361385,0.8999999999999999,0
imgs/874.png,0.8941042423248291,-0.007780654355883598,0.8999999999999999,0
imgs/875.png,0.89422208070755,-0.00845923088490963,0.8999999999999999,0
imgs/876.png,0.894239068031311,-0.008564705960452557,0.8999999999999999,0
imgs/877.png,0.894239068031311,-0.008590742014348507,0.8999999999999999,0
imgs/878.png,0.894239068031311,-0.008596861734986305,0.8999999999999999,0
imgs/879.png,0.894239068031311,-0.008598891086876392,0.8999999999999999,0
imgs/880.png,0.894239068031311,-0.008598624728620052,0.8999999999999999,-0.3141592653589793
imgs/881.png,0.8574026823043823,-0.2281421273946762,0.8999999999999999,-0.3141592653589793
imgs/882.png,0.7633762955665588,-0.4401595890522003,0.8999999999999999,-0.3141592653589793
imgs/883.png,0.5866463780403137,-0.6584861278533936,0.8999999999999999,0
imgs/884.png,0.5576344728469849,-0.696178138256073,0.8999999999999999,0
imgs/885.png,0.5529690980911255,-0.7021141052246094,0.8999999999999999,-0.3141592653589793
imgs/886.png,0.37799254059791565,-0.8003097176551819,0.8999999999999999,-0.3141592653589793
imgs/887.png,0.08177334070205688,-0.8844823241233826,0.8999999999999999,0
imgs/888.png,0.05293525755405426,-0.8916057348251343,0.8999999999999999,0
imgs/889.png,0.048451267182826996,-0.8927034735679626,0.8999999999999999,0
imgs/890.png,0.04736842215061188,-0.8929674029350281,0.8999999999999999,0
imgs/891.png,0.04710434377193451,-0.8930293321609497,0.8999999999999999,0
imgs/892.png,0.047039832919836044,-0.8930421471595764,0.8999999999999999,0
imgs/893.png,0.047023624181747437,-0.8930421471595764,0.8999999999999999,0
imgs/894.png,0.047020044177770615,-0.8930421471595764,0.8999999999999999,0
imgs/895.png,0.0470183901488781,-0.8930421471595764,0.8999999999999999,0
imgs/896.png,0.0470183901488781,-0.8930421471595764,0.8999999999999999,0
imgs/897.png,0.0470183901488781,-0.8930421471595764,0.8999999999999999,0
imgs/898.png,0.0470183901488781,-0.8930421471595764,0.8999999999999999,0
imgs/899.png,0.0470183901488781,-0.8930421471595764,0.8999999999999999,0
imgs/900.png,0.0470183901488781,-0.8930421471595764,0.8999999999999999,0
imgs/901.png,0.0470183901488781,-0.8930421471595764,0.8999999999999999,0
imgs/902.png,0.047018393874168396,-0.8930421471595764,0.8999999999999999,0
imgs/903.png,0.04701846465468407,-0.8930421471595764,0.8999999999999999,0
imgs/904.png,0.04701846465468407,-0.8930421471595764,0.8999999999999999,0
imgs/905.png,0.04701846465468407,-0.8930421471595764,0.8999999999999999,0
imgs/906.png,0.04701846465468407,-0.8930421471595764,0.8999999999999999,0
imgs/907.png,0.04701846465468407,-0.8930421471595764,0.8999999999999999,0
imgs/908.png,0.04701846465468407,-0.8930421471595764,0.8999999999999999,0
imgs/909.png,0.0470203272998333,-0.8930421471595764,0.8999999999999999,0
imgs/910.png,0.04702078551054001,-0.8930421471595764,0.8999999999999999,0
imgs/911.png,0.04702078551054001,-0.8930421471595764,0.8999999999999999,0
imgs/912.png,0.04702078551054001,-0.8930421471595764,0.8999999999999999,-0.3141592653589793
imgs/913.png,-0.1505419909954071,-0.8724311590194702,0.8999999999999999,0
imgs/914.png,-0.19953519105911255,-0.8691017031669617,0.8999999999999999,-0.3141592653589793
imgs/915.png,-0.3935341536998749,-0.7914911508560181,0.8999999999999999,0
imgs/916.png,-0.4426417946815491,-0.773691713809967,0.8999999999999999,-0.3141592653589793
imgs/917.png,-0.6054810881614685,-0.6437074542045593,0.8999999999999999,0
imgs/918.png,-0.6484302878379822,-0.611474335193634,0.8999999999999999,-0.3141592653589793
imgs/919.png,-0.7671462893486023,-0.43869367241859436,0.8999999999999999,0
imgs/920.png,-0.7984192371368408,-0.3961056172847748,0.8999999999999999,-0.3141592653589793
imgs/921.png,-0.8617936372756958,-0.19590167701244354,0.8999999999999999,-0.3141592653589793
imgs/922.png,-0.877516508102417,0.051446907222270966,0.8999999999999999,0
imgs/923.png,-0.8828537464141846,0.1125178337097168,0.8999999999999999,0
imgs/924.png,-0.8843480944633484,0.12801626324653625,0.8999999999999999,0
imgs/925.png,-0.8845832943916321,0.1305287927389145,0.8999999999999999,0
imgs/926.png,-0.8846203684806824,0.1309371143579483,0.8999999999999999,0
imgs/927.png,-0.8846222758293152,0.13104656338691711,0.8999999999999999,0
imgs/928.png,-0.8846222758293152,0.13106507062911987,0.8999999999999999,0
imgs/929.png,-0.8846230506896973,0.13106833398342133,0.8999999999999999,0
imgs/930.png,-0.8846230506896973,0.13106833398342133,0.8999999999999999,0
imgs/931.png,-0.8846230506896973,0.13106833398342133,0.8999999999999999,0
imgs/932.png,-0.8846230506896973,0.13106833398342133,0.8999999999999999,0
imgs/933.png,-0.8846230506896973,0.13106833398342133,0.8999999999999999,-0.3141592653589793
imgs/934.png,-0.8253085613250732,0.32036733627319336,0.8999999999999999,-0.3141592653589793
imgs/935.png,-0.7003739476203918,0.532216489315033,0.8999999999999999,-0.3141592653589793
imgs/936.png,-0.5164253115653992,0.7092552185058594,0.8999999999999999,-0.3141592653589793
imgs/937.png,-0.2874559462070465,0.8282517790794373,0.8999999999999999,-0.3141592653589793
imgs/938.png,-0.034413546323776245,0.8758360743522644,0.8999999999999999,0
imgs/939.png,0.0275496207177639,0.8889153599739075,0.8999999999999999,0
imgs/940.png,0.041868627071380615,0.8920852541923523,0.8999999999999999,0
imgs/941.png,0.04537290707230568,0.8928415775299072,0.8999999999999999,0
imgs/942.png,0.046224962919950485,0.8930213451385498,0.8999999999999999,0
imgs/943.png,0.04643082618713379,0.8930644392967224,0.8999999999999999,0
imgs/944.png,0.04648137465119362,0.8930696249008179,0.8999999999999999,0.3141592653589793
imgs/945.png,-0.1507985144853592,0.8723705410957336,0.8999999999999999,0.3141592653589793
imgs/946.png,-0.38310906291007996,0.7918137907981873,0.8999999999999999,0
imgs/947.png,-0.44593873620033264,0.7717786431312561,0.8999999999999999,0
imgs/948.png,-0.45591381192207336,0.7687591314315796,0.8999999999999999,0
imgs/949.png,-0.4574674069881439,0.7682817578315735,0.8999999999999999,-0.3141592653589793
imgs/950.png,-0.2734565734863281,0.842033863067627,0.8999999999999999,0
imgs/951.png,-0.22847287356853485,0.8619545102119446,0.8999999999999999,-0.3141592653589793
imgs/952.png,-0.020955348387360573,0.8836572766304016,0.8999999999999999,0
imgs/953.png,0.0356326662003994,0.8914763927459717,0.8999999999999999,0
imgs/954.png,0.04365465044975281,0.8927063345909119,0.8999999999999999,0
imgs/955.png,0.04561601206660271,0.893004834651947,0.8999999999999999,0
imgs/956.png,0.04610522463917732,0.893077552318573,0.8999999999999999,0
imgs/957.png,0.04618190973997116,0.8930848836898804,0.8999999999999999,0
imgs/958.png,0.046203311532735825,0.8930860161781311,0.8999999999999999,0
imgs/959.png,0.04620639607310295,0.8930860161781311,0.8999999999999999,0
imgs/960.png,0.04620663449168205,0.8930860161781311,0.8999999999999999,0
imgs/961.png,0.04620663449168205,0.8930860161781311,0.8999999999999999,0
imgs/962.png,0.04620663449168205,0.8930860161781311,0.8999999999999999,0
imgs/963.png,0.04620663449168205,0.8930860161781311,0.8999999999999999,0
imgs/964.png,0.04620663449168205,0.8930860161781311,0.8999999999999999,0
imgs/965.png,0.04620663449168205,0.8930860161781311,0.8999999999999999,0.3141592653589793
imgs/966.png,-0.15107883512973785,0.8723214268684387,0.8999999999999999,0.3141592653589793
imgs/967.png,-0.3865792155265808,0.7900541424751282,0.8999999999999999,0.3141592653589793
imgs/968.png,-0.5963549613952637,0.643140971660614,0.8999999999999999,0.3141592653589793
imgs/969.png,-0.7586924433708191,0.43826767802238464,0.8999999999999999,0.3141592653589793
imgs/970.png,-0.8539128303527832,0.1954459249973297,0.8999999999999999,0
imgs/971.png,-0.8791353106498718,0.13320530951023102,0.8999999999999999,0
imgs/972.png,-0.8850694894790649,0.11881628632545471,0.8999999999999999,-0.3141592653589793
imgs/973.png,-0.8308303952217102,0.3056448698043823,0.8999999999999999,0
imgs/974.png,-0.8182387948036194,0.35437124967575073,0.8999999999999999,0.3141592653589793
imgs/975.png,-0.8737756013870239,0.15393178164958954,0.8999999999999999,0
imgs/976.png,-0.8849056363105774,0.11969880014657974,0.8999999999999999,0.3141592653589793
imgs/977.png,-0.8805922865867615,-0.0840362012386322,0.8999999999999999,0.3141592653589793
imgs/978.png,-0.810340940952301,-0.3502627909183502,0.8999999999999999,0
imgs/979.png,-0.8006035685539246,-0.3915861248970032,0.8999999999999999,0
imgs/980.png,-0.7983688712120056,-0.4017815887928009,0.8999999999999999,0
imgs/981.png,-0.797996461391449,-0.40339410305023193,0.8999999999999999,0.3141592653589793
imgs/982.png,-0.6816468238830566,-0.5648533701896667,0.8999999999999999,-0.3141592653589793
imgs/983.png,-0.7671570181846619,-0.44299668073654175,0.8999999999999999,0
imgs/984.png,-0.7909176349639893,-0.4124777913093567,0.8999999999999999,0
imgs/985.png,-0.7963018417358398,-0.40577957034111023,0.8999999999999999,0.3141592653589793
imgs/986.png,-0.6815688014030457,-0.565028727054596,0.8999999999999999,0.3141592653589793
imgs/987.png,0.14425279200077057,-0.4570564925670624,0.8999999999999999,0.3141592653589793
imgs/988.png,-0.10956638306379318,-0.776416540145874,0.8999999999999999,0
imgs/989.png,-0.17538322508335114,-0.8566346764564514,0.8999999999999999,0.3141592653589793
imgs/990.png,0.011243030428886414,-0.8812121152877808,0.8999999999999999,0
imgs/991.png,0.05702594667673111,-0.8889716863632202,0.8999999999999999,0
imgs/992.png,0.06736386567354202,-0.8908957839012146,0.8999999999999999,0
imgs/993.png,0.0698699802160263,-0.8913487195968628,0.8999999999999999,0
imgs/994.png,0.07048110663890839,-0.8914558291435242,0.8999999999999999,0
imgs/995.png,0.07064539194107056,-0.8914823532104492,0.8999999999999999,0
imgs/996.png,0.07067113369703293,-0.8914830088615417,0.8999999999999999,0
imgs/997.png,0.07067795097827911,-0.8914830088615417,0.8999999999999999,0
imgs/998.png,0.07067807763814926,-0.8914830088615417,0.8999999999999999,0
imgs/999.png,0.07067807763814926,-0.8914830088615417,0.8999999999999999,0
imgs/1000.png,0.07067807763814926,-0.8914830088615417,0.8999999999999999,0
imgs/1001.png,0.07067807763814926,-0.8914830088615417,0.8999999999999999,0
imgs/1002.png,0.07067807763814926,-0.8914830088615417,0.8999999999999999,-0.3141592653589793
imgs/1003.png,-0.1276167929172516,-0.8760958313941956,0.8999999999999999,0
imgs/1004.png,-0.18344010412693024,-0.8739620447158813,0.8999999999999999,0
imgs/1005.png,-0.18936067819595337,-0.8737867474555969,0.8999999999999999,0
imgs/1006.png,-0.19028781354427338,-0.8737528920173645,0.8999999999999999,0
imgs/1007.png,-0.1905115246772766,-0.8737515211105347,0.8999999999999999,0
imgs/1008.png,-0.19057244062423706,-0.8737515211105347,0.8999999999999999,0
imgs/1009.png,-0.19058239459991455,-0.8737515211105347,0.8999999999999999,0
imgs/1010.png,-0.1905834674835205,-0.8737515211105347,0.8999999999999999,0
imgs/1011.png,-0.1905834674835205,-0.8737515211105347,0.8999999999999999,0
imgs/1012.png,-0.1905834674835205,-0.8737515211105347,0.8999999999999999,0.3141592653589793
imgs/1013.png,0.007455732673406601,-0.8852792382240295,0.8999999999999999,0
imgs/1014.png,0.05611133575439453,-0.8899630308151245,0.8999999999999999,0.3141592653589793
imgs/1015.png,0.28437891602516174,-0.8393287658691406,0.8999999999999999,0.3141592653589793
imgs/1016.png,0.515769362449646,-0.7178022265434265,0.8999999999999999,0.3141592653589793
imgs/1017.png,0.6857351660728455,-0.5513817667961121,0.8999999999999999,0.3141592653589793
imgs/1018.png,0.8125330209732056,-0.3322048783302307,0.8999999999999999,0.3141592653589793
